UserId,Username
48,Username_48
50,Username_50
52,Username_52
53,Username_53
54,Username_54
55,Username_55
56,Username_56
57,Username_57
58,Username_58
59,Username_59
60,Username_60
63,Username_63
66,Username_66
67,Username_67
68,Username_68
69,Username_69
70,Username_70
72,Username_72
73,Username_73
74,Username_74
76,Username_76
77,Username_77
78,Username_78
79,Username_79
80,Username_80
81,Username_81
82,Username_82
83,Username_83
84,Username_84
86,Username_86
87,Username_87
88,Username_88
89,Username_89
90,Username_90
91,Username_91
92,Username_92
93,Username_93
94,Username_94
95,Username_95
96,Username_96
97,Username_97
98,Username_98
99,Username_99
100,Username_100
103,Username_103
105,Username_105
106,Username_106
107,Username_107
113,Username_113
115,Username_115
117,Username_117
118,Username_118
119,Username_119
120,Username_120
122,Username_122
123,Username_123
124,Username_124
125,Username_125
126,Username_126
127,Username_127
129,Username_129
130,Username_130
131,Username_131
132,Username_132
133,Username_133
134,Username_134
135,Username_135
137,Username_137
139,Username_139
140,Username_140
141,Username_141
142,Username_142
143,Username_143
144,Username_144
145,Username_145
146,Username_146
147,Username_147
148,Username_148
151,Username_151
152,Username_152
153,Username_153
154,Username_154
155,Username_155
157,Username_157
159,Username_159
160,Username_160
161,Username_161
162,Username_162
163,Username_163
164,Username_164
166,Username_166
167,Username_167
169,Username_169
170,Username_170
171,Username_171
172,Username_172
173,Username_173
174,Username_174
175,Username_175
176,Username_176
177,Username_177
178,Username_178
179,Username_179
180,Username_180
182,Username_182
183,Username_183
184,Username_184
185,Username_185
186,Username_186
187,Username_187
188,Username_188
189,Username_189
191,Username_191
192,Username_192
193,Username_193
194,Username_194
195,Username_195
198,Username_198
199,Username_199
200,Username_200
201,Username_201
202,Username_202
203,Username_203
204,Username_204
205,Username_205
208,Username_208
209,Username_209
211,Username_211
213,Username_213
214,Username_214
215,Username_215
216,Username_216
217,Username_217
218,Username_218
219,Username_219
220,Username_220
221,Username_221
222,Username_222
223,Username_223
224,Username_224
225,Username_225
226,Username_226
227,Username_227
229,Username_229
230,Username_230
231,Username_231
232,Username_232
233,Username_233
234,Username_234
235,Username_235
237,Username_237
238,Username_238
239,Username_239
240,Username_240
241,Username_241
242,Username_242
243,Username_243
244,Username_244
246,Username_246
247,Username_247
248,Username_248
249,Username_249
251,Username_251
252,Username_252
253,Username_253
255,Username_255
256,Username_256
257,Username_257
258,Username_258
259,Username_259
262,Username_262
263,Username_263
264,Username_264
266,Username_266
273,Username_273
274,Username_274
275,Username_275
278,Username_278
287,Username_287
288,Username_288
297,Username_297
298,Username_298
299,Username_299
300,Username_300
305,Username_305
306,Username_306
307,Username_307
309,Username_309
312,Username_312
315,Username_315
316,Username_316
317,Username_317
319,Username_319
320,Username_320
321,Username_321
322,Username_322
323,Username_323
324,Username_324
325,Username_325
326,Username_326
328,Username_328
334,Username_334
335,Username_335
336,Username_336
337,Username_337
339,Username_339
343,Username_343
344,Username_344
346,Username_346
347,Username_347
348,Username_348
349,Username_349
350,Username_350
351,Username_351
352,Username_352
353,Username_353
354,Username_354
356,Username_356
357,Username_357
358,Username_358
359,Username_359
360,Username_360
361,Username_361
362,Username_362
363,Username_363
364,Username_364
365,Username_365
367,Username_367
368,Username_368
369,Username_369
370,Username_370
371,Username_371
375,Username_375
376,Username_376
380,Username_380
381,Username_381
382,Username_382
384,Username_384
387,Username_387
388,Username_388
389,Username_389
391,Username_391
393,Username_393
395,Username_395
396,Username_396
397,Username_397
398,Username_398
399,Username_399
401,Username_401
402,Username_402
404,Username_404
406,Username_406
408,Username_408
409,Username_409
410,Username_410
412,Username_412
413,Username_413
414,Username_414
416,Username_416
417,Username_417
418,Username_418
419,Username_419
420,Username_420
421,Username_421
423,Username_423
424,Username_424
425,Username_425
426,Username_426
427,Username_427
429,Username_429
430,Username_430
431,Username_431
434,Username_434
